name|region|link|population|children|pupils|settl_num|revenue|rev_budg_ua|budget|dotation|dot_reverse|area|inst_num|school_13|school_12|school_1|kindergart|extracur|culture|physical|med_assist|dispensary|clinic|ambulance|build_gen|court|civil_prop|retirement|social_prot|fire_secur|treasury|local_govern|
Бабчинецька територіальна громада|Вінницька область|http://decentralization.gov.ua/region/common/id/341||||||||||||||||||||||||||||||||
Барська територіальна громада|Вінницька область|http://decentralization.gov.ua/region/common/id/248||||||||||||||||||||||||||||||||
Вапнярська територіальна громада|Вінницька область|http://decentralization.gov.ua/region/common/id/326|8364|566|920|2|12673223|12573223|100000|0|0|341|18||||3|1|4|1|2|2|1|1||true|true|true|true|true|true|||
Вороновицька територіальна громада|Вінницька область|http://decentralization.gov.ua/region/common/id/262||||||||||||||||||||||||||||||||
Дашівська територіальна громада|Вінницька область|http://decentralization.gov.ua/region/common/id/352||||||||||||||||||||||||||||||||
Джулинська територіальна громада|Вінницька область|http://decentralization.gov.ua/region/common/id/255||||||||||||||||||||||||||||||||
Жданівська територіальна громада|Вінницька область|http://decentralization.gov.ua/region/common/id/338||||||||||||||||||||||||||||||||
Іллінецька територіальна громада|Вінницька область|http://decentralization.gov.ua/region/common/id/353||1382||20|36769000||5 165 000|0|0|332|||||11|1|14|5|15|3|1|1||true|true|true|true|true|true|true||
Калинівська територіальна громада|Вінницька область|http://decentralization.gov.ua/region/common/id/279|19985|1365|2309|5|10856488|10136488     720000|10136488     720000|10136488     720000|10136488     720000|8837|22|4|1||8|1|2|2|1|2|1|0||true|true|true|true|true|true|true||
Ковалівська територіальна громада|Вінницька область|http://decentralization.gov.ua/region/common/id/306||||||||||||||||||||||||||||||||
Кунківська територіальна громада|Вінницька область|http://decentralization.gov.ua/region/common/id/1346||||||||||||||||||||||||||||||||
Мельниківська територіальна громада|Вінницька область|http://decentralization.gov.ua/region/common/id/309||||||||||||||||||||||||||||||||
Мурафська територіальна громада|Вінницька область|http://decentralization.gov.ua/region/common/id/348||||||||||||||||||||||||||||||||
Немирівська територіальна громада|Вінницька область|http://decentralization.gov.ua/region/common/id/310||||||||||||||||||||||||||||||||
Оратівська територіальна громада|Вінницька область|http://decentralization.gov.ua/region/common/id/312||||||||||||||||||||||||||||||||
Райгородська територіальна громада|Вінницька область|http://decentralization.gov.ua/region/common/id/1320||||||||||||||||||||||||||||||||
Северинівська територіальна громада|Вінницька область|http://decentralization.gov.ua/region/common/id/277||||||||||||||||||||||||||||||||
Ситковецька територіальна громада|Вінницька область|http://decentralization.gov.ua/region/common/id/311||||||||||||||||||||||||||||||||
Сокиринецька територіальна громада|Вінницька область|http://decentralization.gov.ua/region/common/id/266||||||||||||||||||||||||||||||||
Студенянська територіальна громада|Вінницька область|http://decentralization.gov.ua/region/common/id/716|3247|121|505|9|8851200|7848900|0|1002300|0|129.30|16|1|1|0|2|0|6|0|5|1|0|0||true|true|true|true|true|true|true||
Томашпільська територіальна громада|Вінницька область|http://decentralization.gov.ua/region/common/id/329||||||||||||||||||||||||||||||||
Тульчинська територіальна громада|Вінницька область|http://decentralization.gov.ua/region/common/id/335||||||||||||||||||||||||||||||||
Шпиківська територіальна громада|Вінницька область|http://decentralization.gov.ua/region/common/id/336||||||||||||||||||||||||||||||||
Якушинецька територіальна громада|Вінницька область|http://decentralization.gov.ua/region/common/id/268||||||||||||||||||||||||||||||||
Велицька територіальна громада|Волинська область|http://decentralization.gov.ua/region/common/id/719|4015|203|486|12|2853800|1150200|0|1703600|0|212|33|3|1|5|0|0|12|0|10|2|0|0|true|true|true|true|true|true|true|true||
Вишнівська  територіальна громада|Волинська область|http://decentralization.gov.ua/region/common/id/1349||||||||||||||||||||||||||||||||
Голобська територіальна громада|Волинська область|http://decentralization.gov.ua/region/common/id/720|7679|407|820|19|6230100|3656600|0|2573500|0|224|49|2|4|4|1|3|15|1|16|1|1|1|true|true|true|true|true|true|true|true||
Дубівська територіальна громада|Волинська область|http://decentralization.gov.ua/region/common/id/1260||||||||||||||||||||||||||||||||
Заболоттівська територіальна громада|Волинська область|http://decentralization.gov.ua/region/common/id/895||||||||||||||||||||||||||||||||
Заборольська територіальна громада|Волинська область|http://decentralization.gov.ua/region/common/id/1348||||||||||||||||||||||||||||||||
Забродівська територіальна громада|Волинська область|http://decentralization.gov.ua/region/common/id/1350||||||||||||||||||||||||||||||||
Зимнівська територіальна громада|Волинська область|http://decentralization.gov.ua/region/common/id/717|5460|537|623|17|5224400|2782800|4800|2436800|0|175|40|3|1|4|3|0|14|0|15|0|0|0|true|true|true|false|true|true|false|true||
Княгининівська територіальна громада|Волинська область|http://decentralization.gov.ua/region/common/id/1322||||||||||||||||||||||||||||||||
Колодяжненська територіальна громада|Волинська область|http://decentralization.gov.ua/region/common/id/1347||||||||||||||||||||||||||||||||
Литовезька територіальна громада|Волинська область|http://decentralization.gov.ua/region/common/id/862||||||||||||||||||||||||||||||||
Люблинецька територіальна громада|Волинська область|http://decentralization.gov.ua/region/common/id/875||||||||||||||||||||||||||||||||
Павлівська територіальна громада|Волинська область|http://decentralization.gov.ua/region/common/id/863||||||||||||||||||||||||||||||||
Поворська територіальна громада|Волинська область|http://decentralization.gov.ua/region/common/id/876||||||||||||||||||||||||||||||||
Поромівська територіальна громада|Волинська область|http://decentralization.gov.ua/region/common/id/1321||||||||||||||||||||||||||||||||
Прилісненська територіальна громада|Волинська область|http://decentralization.gov.ua/region/common/id/891||||||||||||||||||||||||||||||||
Самарівська територіальна громада|Волинська область|http://decentralization.gov.ua/region/common/id/896||||||||||||||||||||||||||||||||
Смолигівська територіальна громада|Волинська область|http://decentralization.gov.ua/region/common/id/721|1771|147||5|1940000|1940000||||6912|6|||||0||0||||0||||true|true|false||||
Устилузька територіальна громада|Волинська область|http://decentralization.gov.ua/region/common/id/718|7778|568|740|26|8470700|6926000|0|1544700|0|401|61|3|4|3|8|0|21|0|19|1|1|1||true|true|true|true|true|true|true||
Шацька територіальна громада|Волинська область|http://decentralization.gov.ua/region/common/id/903|8739|800|1027|11|11902291|5619959|1908000|4374332|0|24699|false|3|4|0|4|1|10|1|8|1|1|1|true|true|true|true|true|true|true|true||
Апостолівська територіальна громада|Дніпропетровська область|http://decentralization.gov.ua/region/common/id/736||1905||20|1560758|6899004|6000|12413|0|67949|79|||||1||false|||||10|4|2|1|1|1||10||
Аулівська територіальна громада|Дніпропетровська область|http://decentralization.gov.ua/region/common/id/1323||||||||||||||||||||||||||||||||
Богданівська територіальна громада|Дніпропетровська область|http://decentralization.gov.ua/region/common/id/729|7120|380|704|9|3146577|3146577|0|0|95220|3628|19|||0|3|0|3|0|5|2|0||0|0|0|0|0|0|0|3||
Божедарівська територіальна громада|Дніпропетровська область|http://decentralization.gov.ua/region/common/id/1324||||||||||||||||||||||||||||||||
Вакулівська територіальна громада|Дніпропетровська область|http://decentralization.gov.ua/region/common/id/722||||||||||||||||||||||||||||||||
Варварівська територіальна громада|Дніпропетровська область|http://decentralization.gov.ua/region/common/id/1261||||||||||||||||||||||||||||||||
Васильківська територіальна громада|Дніпропетровська область|http://decentralization.gov.ua/region/common/id/1262||||||||||||||||||||||||||||||||
Великомихайлівська територіальна громада|Дніпропетровська область|http://decentralization.gov.ua/region/common/id/1263|3987|190|326|2|52344|52344|00|00|00|1466|12|||0|2|0|4|0|2|1|0||7|1|2|1|1|1|1|2||
Вербківська територіальна громада|Дніпропетровська область|http://decentralization.gov.ua/region/common/id/728|8103|519|790|12|4807612|3567352|0|0|124026|4503|22|||0|3|1|4|0|7|2|0||0|0|0|0|0|0|0|4||
Вишнівська територіальна громада|Дніпропетровська область|http://decentralization.gov.ua/region/common/id/1264||||||||||||||||||||||||||||||||
Гречаноподіївська територіальна громада|Дніпропетровська область|http://decentralization.gov.ua/region/common/id/1265|3728|||13|30145200|||||206468|18||||2||7||||||6|true|true|true|true|true|true|2||
Грушівська територіальна громада|Дніпропетровська область|http://decentralization.gov.ua/region/common/id/735||||||||||||||||||||||||||||||||
Зеленодольська територіальна громада|Дніпропетровська область|http://decentralization.gov.ua/region/common/id/733|20856|1032||4||439115|113413|0|||29|||||2||1||||0||||0|0|1||3||
Криничанська територіальна громада|Дніпропетровська область|http://decentralization.gov.ua/region/common/id/963||||||||||||||||||||||||||||||||
Лихівська територіальна громада|Дніпропетровська область|http://decentralization.gov.ua/region/common/id/995||||||||||||||||||||||||||||||||
Ляшківська територіальна громада|Дніпропетровська область|http://decentralization.gov.ua/region/common/id/730|2162|143|252|9|57510|18024|00|5865|00|82197|12|||0|2|0|5|0|3|0|0||7|1|2|1|1|1|1|2||
Маломихайлівська територіальна громада|Дніпропетровська область|http://decentralization.gov.ua/region/common/id/992||||||||||||||||||||||||||||||||
Мирівська територіальна громада|Дніпропетровська область|http://decentralization.gov.ua/region/common/id/1244|4154|361|489|7|51151|46498||4653||1297|10||||3||2||2|1|||6|1|1|1|1|1|1|2||
Могилівська територіальна громада|Дніпропетровська область|http://decentralization.gov.ua/region/common/id/732|3987|190|326|3|52344|52344|00|00|00|1466|12|||0|2|0|4|0|2|1|0||7|1|2|1|1|1|1|2||
Нивотрудівська територіальна громада|Дніпропетровська область|http://decentralization.gov.ua/region/common/id/734||||||||||||||||||||||||||||||||
Новолатівська територіальна громада|Дніпропетровська область|http://decentralization.gov.ua/region/common/id/1266||||||||||||||||||||||||||||||||
Новоолександрівська територіальна громада|Дніпропетровська область|http://decentralization.gov.ua/region/common/id/725|11410|895|1197|12|184785|58944|30117|false|false|226159|19|||1|2||6||2|3|0||6|1|1|1|1|1|1|2||
Новопавлівська територіальна громада|Дніпропетровська область|http://decentralization.gov.ua/region/common/id/970||||||||||||||||||||||||||||||||
Новопокровська	територіальна громада|Дніпропетровська область|http://decentralization.gov.ua/region/common/id/724|4104|258|464|14|23977|15140|0|8837|0|22929|24|||0|3|0|10|0|4|2|0||6|1|1|1|1|1|1|3||
Покровська територіальна громада|Дніпропетровська область|http://decentralization.gov.ua/region/common/id/976||||||||||||||||||||||||||||||||
Роздорська територіальна громада|Дніпропетровська область|http://decentralization.gov.ua/region/common/id/999||||||||||||||||||||||||||||||||
Святовасилівська територіальна громада|Дніпропетровська область|http://decentralization.gov.ua/region/common/id/723||313|505|19|43648|41971|0|1677|0|231403|22|||0|3|0|9|0|4|2|0||12|1|4|2|3|0|2|4||
Слобожанська територіальна громада|Дніпропетровська область|http://decentralization.gov.ua/region/common/id/731|14423|1252|1454|2|759161|759161|0|0|0|1664|16|||1|3|1|4|2|1|2|0||6|1|0|1|2|1|1|2||
Солонянська територіальна громада|Дніпропетровська область|http://decentralization.gov.ua/region/common/id/727|14456|493|1419|18|198587|173299|11179|0|14109|3330|39|||0|7|1|10|2|8|1|1||8|2|1|1|2|1|1|4||
Софіївська територіальна громада|Дніпропетровська область|http://decentralization.gov.ua/region/common/id/1004||||||||||||||||||||||||||||||||
Сурсько-Литовська територіальна громада|Дніпропетровська область|http://decentralization.gov.ua/region/common/id/726|6214|439|640|4|37336|37336|0|0|0|1215|12|||0|2|0|5|0|0|2|0||1|0|0|0|0|0|1|3||
Томаківська територіальна громада|Дніпропетровська область|http://decentralization.gov.ua/region/common/id/1005||||||||||||||||||||||||||||||||
Царичанська територіальна громада|Дніпропетровська область|http://decentralization.gov.ua/region/common/id/1267|15227|463|1305|23|722770|341096|false|21593|false|453492||||2|6|2|18|3|6|3|1|1||||||||||
Чкаловська територіальна громада|Дніпропетровська область|http://decentralization.gov.ua/region/common/id/978||||||||||||||||||||||||||||||||
Вільховецька територіальна громада|Закарпатська область|http://decentralization.gov.ua/region/common/id/741||1224||||35894|2954|||||||1||0||||||||||||||||
Іршавська територіальна громада|Закарпатська область|http://decentralization.gov.ua/region/common/id/1352||||||||||||||||||||||||||||||||
Перечинська  територіальна громада|Закарпатська область|http://decentralization.gov.ua/region/common/id/1351||||||||||||||||||||||||||||||||
Полянська територіальна громада|Закарпатська область|http://decentralization.gov.ua/region/common/id/1277||||||||||||||||||||||||||||||||
Тячівська територіальна громада|Закарпатська область|http://decentralization.gov.ua/region/common/id/742||1541||||281118|6228|||||||0||1||||||||||||||||
Берестівська територіальна громада|Запорізька область|http://decentralization.gov.ua/region/common/id/416|4 842|195|619|11|14 055 300|7 815 000||0|0|49815|20|3|0|0|3|0|7|0|4|2|0|1||1|1|1|1|1|1|1||
Біленьківська територіальна громада|Запорізька область|http://decentralization.gov.ua/region/common/id/1325||||||||||||||||||||||||||||||||
Ботіївська територіальна громада|Запорізька область|http://decentralization.gov.ua/region/common/id/417||||||||||||||||||||||||||||||||
Великобілозерська територіальна громада|Запорізька область|http://decentralization.gov.ua/region/common/id/419||||||||||||||||||||||||||||||||
Веселівська територіальна громада|Запорізька область|http://decentralization.gov.ua/region/common/id/421|12 718|704|1 220|9|12 679 053|0||19523|0|43834|29|||3|3|1|8|1|5|5|1|0|6|1|1|1|1|1|1|3||
Водянська територіальна громада|Запорізька область|http://decentralization.gov.ua/region/common/id/422||||||||||||||||||||||||||||||||
Воскресенська територіальна громада|Запорізька область|http://decentralization.gov.ua/region/common/id/743|5 829|242|524|4|9 418 500|11 345 322||0|1 926 822|26470|14|2|1|0|2|0|6|0|1|2|0|0||1|1|1|1|1|1|1||
Гірсівська територіальна громада|Запорізька область|http://decentralization.gov.ua/region/common/id/1278||||||||||||||||||||||||||||||||
Гуляйпільська територіальна громада|Запорізька область|http://decentralization.gov.ua/region/common/id/425||||||||||||||||||||||||||||||||
Долинська територіальна громада|Запорізька область|http://decentralization.gov.ua/region/common/id/1251|5 849|330|626|9|20 127 343|11348 074||0|0|1700|25||||2|0|14|0|4|2|0|0|6|||||||2||
Кам’янсько-Дніпровська територіальна громада|Запорізька область|http://decentralization.gov.ua/region/common/id/432||||||||||||||||||||||||||||||||
Комиш-Зорянська територіальна громада|Запорізька область|http://decentralization.gov.ua/region/common/id/434|6748|300|575|10|6 468 931|6 468 931||||37620|27|4|0|0|4|0|11|0|4|4|0|0||1|1|1|1|1|1|5||
Комишуваська територіальна громада|Запорізька область|http://decentralization.gov.ua/region/common/id/435||||||||||||||||||||||||||||||||
Малотокмачанська територіальна громада|Запорізька область|http://decentralization.gov.ua/region/common/id/1326||||||||||||||||||||||||||||||||
Оріхівська територіальна громада|Запорізька область|http://decentralization.gov.ua/region/common/id/1353||||||||||||||||||||||||||||||||
Осипенківська територіальна громада|Запорізька область|http://decentralization.gov.ua/region/common/id/451|7 981|743|795|7|9 969 699|9 671 596|298 103|0|0|41960|32|3|2|0|4|1|13|1|4|3|0|1|6|1|1|1|1|1|1|1||
Остриківська територіальна громада|Запорізька область|http://decentralization.gov.ua/region/common/id/1328||||||||||||||||||||||||||||||||
Павлівська територіальна громада|Запорізька область|http://decentralization.gov.ua/region/common/id/1354||||||||||||||||||||||||||||||||
Преображенська територіальна громада|Запорізька область|http://decentralization.gov.ua/region/common/id/455|5 786|341|552|15|12 169 430|12 169 430||1 804 658|0|36714|29|2|1|1|4|3|10|0|4|3|0|1|6|1|1|1|1|1|1|1||
Приморська територіальна громада|Запорізька область|http://decentralization.gov.ua/region/common/id/457||||||||||||||||||||||||||||||||
Смирновська територіальна громада|Запорізька область|http://decentralization.gov.ua/region/common/id/461|3 793  616|296|320|8|5 532 130|||||31760|20|1|1|2|1|0|8|1|4|1|0|1|6|1|1|1|1|1|1|3||
Таврійська територіальна громада|Запорізька область|http://decentralization.gov.ua/region/common/id/1327||||||||||||||||||||||||||||||||
Чернігівська територіальна громада|Запорізька область|http://decentralization.gov.ua/region/common/id/463||||||||||||||||||||||||||||||||
Широківська територіальна громада|Запорізька область|http://decentralization.gov.ua/region/common/id/465||||||||||||||||||||||||||||||||
Білоберізька територіальна громада|Івано-Франківська область|http://decentralization.gov.ua/region/common/id/1016|2745|262|355|4|2 161 700|1162 200||999 500||4635|19||||1|0|9|0|4|0|1|0||true|true|true|true|true|true|true||
Більшівцівська територіальна громада|Івано-Франківська область|http://decentralization.gov.ua/region/common/id/1021||||||||||||||||||||||||||||||||
Верхнянська територіальна громада|Івано-Франківська область|http://decentralization.gov.ua/region/common/id/746|10752|553|1238|12|9 418 400|4 308 300|34 000|5 076 100|0|14062|36||||1|0||0|8|2|0|0||true||true|true|true|true|true||
Витвицька територіальна громада|Івано-Франківська область|http://decentralization.gov.ua/region/common/id/1026||||||||||||||||||||||||||||||||
Космацька територіальна громада|Івано-Франківська область|http://decentralization.gov.ua/region/common/id/1034||||||||||||||||||||||||||||||||
Матеївецька територіальна громада|Івано-Франківська область|http://decentralization.gov.ua/region/common/id/1279||||||||||||||||||||||||||||||||
Нижньовербізька територіальна громада|Івано-Франківська область|http://decentralization.gov.ua/region/common/id/1280||||||||||||||||||||||||||||||||
Олешанська територіальна громада|Івано-Франківська область|http://decentralization.gov.ua/region/common/id/1055||||||||||||||||||||||||||||||||
П’ядицька територіальна громада|Івано-Франківська область|http://decentralization.gov.ua/region/common/id/1281||||||||||||||||||||||||||||||||
Печеніжинська територіальна громада|Івано-Франківська область|http://decentralization.gov.ua/region/common/id/745|17657|1124|2050|9|12 900 600|4 752 900|30 000|8 117 700|0|18447|40||||1|0||0|6|4|0|0||true||true|true|true|true|true||
Старобогородчанська територіальна громада|Івано-Франківська область|http://decentralization.gov.ua/region/common/id/744|6120|433|754|5|5 841 600|2 905 000|0|2 936 600|0|8433|20||||1|0|9|0|4|1|0|0||true|true|true|true|true|true|true||
Тлумацька територіальна громада|Івано-Франківська область|http://decentralization.gov.ua/region/common/id/1054||||||||||||||||||||||||||||||||
Бобринецька територіальна громада|Кіровоградська область|http://decentralization.gov.ua/region/common/id/714|12035|417|843|9|15261300|13747600  0  1630700  0|13747600  0  1630700  0|13747600  0  1630700  0|13747600  0  1630700  0|194298||2|2|0|1|0|6|5|3|1|1|0||true|true|true|true|true|true|true||
Великоандрусівська територіальна громада|Кіровоградська область|http://decentralization.gov.ua/region/common/id/1282||||||||||||||||||||||||||||||||
Великосеверинівська територіальна громада|Кіровоградська область|http://decentralization.gov.ua/region/common/id/1355||||||||||||||||||||||||||||||||
Ганнівська територіальна громада|Кіровоградська область|http://decentralization.gov.ua/region/common/id/1163||||||||||||||||||||||||||||||||
Маловисківська територіальна громада|Кіровоградська область|http://decentralization.gov.ua/region/common/id/748|14116|802|1373|10|18599500|18599500  -  -  -|18599500  -  -  -|18599500  -  -  -|18599500  -  -  -|23183150000||5|false|false|4|2|9|1|6|1|1|false||true|true|true|true|true|true|true||
Новоукраїнська територіальна громада|Кіровоградська область|http://decentralization.gov.ua/region/common/id/1160|20227|951|2285|12|22 504970||22 504970  200000  -  -|22 504970  200000  -  -|22 504970  200000  -  -|348|15||||4|false|11|false|false|false|false|false|9|4|1|1|1|1|1|4||
Соколівська територіальна громада|Кіровоградська область|http://decentralization.gov.ua/region/common/id/1155||||||||||||||||||||||||||||||||
Іллінівська територіальна громада|Донецька область|http://decentralization.gov.ua/region/common/id/1268|10467|542|1104|25|21685307|24131947|||-2446640|526.52|60||||7|1|28|0|10|5|0|0||false|false|false|true|false|false|true||
Лиманська територіальна громада|Донецька область|http://decentralization.gov.ua/region/common/id/145|42552|3725||40|54976800|56344300|50000|0|1417500|1209.75|138||||23|1|45|13|19|11|3|0|true|true|true|true|true|true|true|true||
Миколаївська територіальна громада|Донецька область|http://decentralization.gov.ua/region/common/id/150|23589|1339|1546|15|13099844|12242044|857800|0|0|280.4|6||||7|1|7|0|5|2|1|1||true|true|false|false|true|true|true||
Сіверська територіальна громада|Донецька область|http://decentralization.gov.ua/region/common/id/162||||||||||||||||||||||||||||||||
Соледарська територіальна громада|Донецька область|http://decentralization.gov.ua/region/common/id/161|22541|516|906|37|37621298|45654070|0|0|8032772|14.108|||||3|2|3|1|0|1|1|1|||true|false|true|true|false|true||
Черкаська територіальна громада|Донецька область|http://decentralization.gov.ua/region/common/id/165|11116|634|854|11|5877994|6137651|68033|0|0|296.73|7||||7|0|6|0|6|2|0|1||true|false|false|false|false||true||
Шахівська територіальна громада|Донецька область|http://decentralization.gov.ua/region/common/id/154|3384|179|297|14|15677000|15584000|93000|0|0|23176|14|||0|2|0|4|0|5|1|0|0||false|false|false|false|false|false|true||
Андрушківська територіальна громада|Житомирська область|http://decentralization.gov.ua/region/common/id/671||||||||||||||||||||||||||||||||
Баранівська територіальна громада|Житомирська область|http://decentralization.gov.ua/region/common/id/672||||||||||||||||||||||||||||||||
Барашівська територіальна громада|Житомирська область|http://decentralization.gov.ua/region/common/id/673||||||||||||||||||||||||||||||||
Білокоровицька територіальна громада|Житомирська область|http://decentralization.gov.ua/region/common/id/1269||||||||||||||||||||||||||||||||
Брусилівська територіальна громада|Житомирська область|http://decentralization.gov.ua/region/common/id/675||||||||||||||||||||||||||||||||
Високівська територіальна громада|Житомирська область|http://decentralization.gov.ua/region/common/id/677||250||5|2952500|2092100|false|860400|false|9676|21||||4|false|10|false|4|1|false|false|6|1|1|1|1|1|1|1||
Вишевицька територіальна громада|Житомирська область|http://decentralization.gov.ua/region/common/id/738||219||5|2718100|1777400|false|940700|false|1005|19|2|2||1|false|9|false|3|2|false|false||1|1|false|false|false|false|1||
Вільська територіальна громада|Житомирська область|http://decentralization.gov.ua/region/common/id/1270||||||||||||||||||||||||||||||||
Городницька територіальна громада|Житомирська область|http://decentralization.gov.ua/region/common/id/681||||||||||||||||||||||||||||||||
Горщиківська територіальна громада|Житомирська область|http://decentralization.gov.ua/region/common/id/1271||||||||||||||||||||||||||||||||
Довбиська територіальна громада|Житомирська область|http://decentralization.gov.ua/region/common/id/683||||||||||||||||||||||||||||||||
Дубрівська територіальна громада|Житомирська область|http://decentralization.gov.ua/region/common/id/684|5028|149|504|16|4855000|2822000|0|2033000|0|22051|46||||7|0|20|0|10||0|0|true|true|true|false|true|true|false|true||
Іршанська територіальна громада|Житомирська область|http://decentralization.gov.ua/region/common/id/710||379||5||15680600|0|0|2357800|6422|16|||||1|6|1|2|1|0|1|true|true|true|true|true|true|true|true||
Квітнева територіальна громада|Житомирська область|http://decentralization.gov.ua/region/common/id/1272||||||||||||||||||||||||||||||||
Корнинська територіальна громада|Житомирська область|http://decentralization.gov.ua/region/common/id/1238|8169|567|975|17|8335500|6103900|248700|1982900|0|3685|44|5|4||4|1|23|1|1|3|1|1|true|true|true|true|true|true|true|true||
Коростишівська територіальна громада|Житомирська область|http://decentralization.gov.ua/region/common/id/687||||||||||||||||||||||||||||||||
Краснопільська територіальна громада|Житомирська область|http://decentralization.gov.ua/region/common/id/688||||||||||||||||||||||||||||||||
Лугинська територіальна громада|Житомирська область|http://decentralization.gov.ua/region/common/id/689||||||||||||||||||||||||||||||||
Миропільська територіальна громада|Житомирська область|http://decentralization.gov.ua/region/common/id/693||||||||||||||||||||||||||||||||
Народицька територіальна громада|Житомирська область|http://decentralization.gov.ua/region/common/id/694||311||65|10692600|8602000|0|2090600|0|1284|105|8|4|2|14|1|49|1|19|5|1|1|true|true|true|true|true|true|true|true||
Новоборівська територіальна громада|Житомирська область|http://decentralization.gov.ua/region/common/id/695||388||18|8962400|5930900|0|3031500|0|20975|36|3|2|0|6|1|14|1|6|2|0|1|true|true|true|true|true|true|true|true||
Олевська територіальна громада|Житомирська область|http://decentralization.gov.ua/region/common/id/698||||||||||||||||||||||||||||||||
Попільнянська територіальна громада|Житомирська область|http://decentralization.gov.ua/region/common/id/699||||||||||||||||||||||||||||||||
Потіївська територіальна громада|Житомирська область|http://decentralization.gov.ua/region/common/id/700||181||24|2740100|1397000|0|1343100|0|25849|32|2|1||2|1|16|0|7|1|0|1|true|true|true|true|true|true|true|true||
Семенівська територіальна громада|Житомирська область|http://decentralization.gov.ua/region/common/id/1273||||||||||||||||||||||||||||||||
Станишівська територіальна громада|Житомирська область|http://decentralization.gov.ua/region/common/id/1240||||||||||||||||||||||||||||||||
Тетерівська територіальна громада|Житомирська область|http://decentralization.gov.ua/region/common/id/740||||||||||||||||||||||||||||||||
Ушомирська територіальна громада|Житомирська область|http://decentralization.gov.ua/region/common/id/1274||||||||||||||||||||||||||||||||
Хорошівська територіальна громада|Житомирська область|http://decentralization.gov.ua/region/common/id/1275||||||||||||||||||||||||||||||||
Червоненська територіальна громада|Житомирська область|http://decentralization.gov.ua/region/common/id/739|5974|354|527|7|6712500|4965800|100000|1646700|0|15798|31|2|2||6|0|13|0|6|1|0|1|true|true|true|true|true|true|true|true||
Чижівська територіальна громада|Житомирська область|http://decentralization.gov.ua/region/common/id/1276||||||||||||||||||||||||||||||||
Чоповицька територіальна громада|Житомирська область|http://decentralization.gov.ua/region/common/id/1241||||||||||||||||||||||||||||||||
Калитянська територіальна громада|Київська область|http://decentralization.gov.ua/region/common/id/747|12500|988|1511|6|10 131,3|10 109,1|0|0|0|24564|25|4|0|0|5|0|10|0|3|3|0|0||false|false|false|false|false|false|false||
Пісківська територіальна громада|Київська область|http://decentralization.gov.ua/region/common/id/1210|8321|665|998|3|8089900|6674100|0|1415800|0|15762|15||||4|0|5|0|1|1|0|0||false|false|false|false|false|false|false||
Білокуракинська територіальна громада|Луганська область|http://decentralization.gov.ua/region/common/id/391|13843|802|2388|24|15 911418|15 381318|false||false|788|59||||8|3|17|1|15|2||false||true|true|true|true|true|true|true||
Новопсковська територіальна громада|Луганська область|http://decentralization.gov.ua/region/common/id/404|12 294|417|1248|6|14 182 893|14 182 893|0|0|0||27||||4|2|8|2|3|2|1|0|true|true|true|true|true|true|true|true||
Троїцька територіальна громада|Луганська область|http://decentralization.gov.ua/region/common/id/411||||||||||||||||||||||||||||||||
Чмирівська територіальна громада|Луганська область|http://decentralization.gov.ua/region/common/id/1283||||||||||||||||||||||||||||||||
Бабинська територіальна громада|Львівська область|http://decentralization.gov.ua/region/common/id/766|4302|247|456|10|12009700|2253400|false|1831400||7793|21||||false|false|8|false|7|1|false|false||true|true|true|true|true|true|true||
Бісковицька територіальна громада|Львівська область|http://decentralization.gov.ua/region/common/id/765|6191|466|1017|8|15680700|||2421300||5502|16|||||false|5|false|4|false||false||true|true|true|true|true|true|true||
Великолюбінська територіальна громада|Львівська область|http://decentralization.gov.ua/region/common/id/1071||||||||||||||||||||||||||||||||
Вільшаницька територіальна громада|Львівська область|http://decentralization.gov.ua/region/common/id/763|3082|173|275|9|7033300|555700||1416900||7907|15||||false|false|5||4|1|false|false||true|true|true|true|true|true|true||
Воле-Баранецька територіальна громада|Львівська область|http://decentralization.gov.ua/region/common/id/764|5268|317|473|15|12380100|||2374200||6943|23|||||false|8|false|6|1||false||true|true|true|true|true|true|true||
Гніздичівська територіальна громада|Львівська область|http://decentralization.gov.ua/region/common/id/762|6862|537|908|6|6 354 600|3 904 900|150 000|2 297 400||576||||2|3|0|12|0|3|1||0||true|true|true|true|true|true|true||
Грабовецька територіальна громада|Львівська область|http://decentralization.gov.ua/region/common/id/761|3773|240|386|6|10272075|1525245||1716500|false|65.92|15|||1|1|false|6|false|5|false|false|false||true|true|true|true|false|true|true||
Давидівська територіальна громада|Львівська область|http://decentralization.gov.ua/region/common/id/1284||||||||||||||||||||||||||||||||
Дублянська територіальна громада|Львівська область|http://decentralization.gov.ua/region/common/id/760|3190|99|213|7|7047500|1342000|false|1300600||6635|15||||1|false|7|false|4|false|1|||true|true|true|true|true|true|true||
Жовтанецька територіальна громада|Львівська область|http://decentralization.gov.ua/region/common/id/1285||||||||||||||||||||||||||||||||
Заболотцівська територіальна громада|Львівська область|http://decentralization.gov.ua/region/common/id/759|2761|108|255|10|1738800|1588800  150000  867100  0|1588800  150000  867100  0|1588800  150000  867100  0|1588800  150000  867100  0|105646|21|1|1||4|0|9|0|3|0|1|0||true|true|true|true|true|true|true||
Луківська територіальна громада|Львівська область|http://decentralization.gov.ua/region/common/id/758|3928|299|366|7|9541200|1155000|154000|1751000|false|5468|17||||false|false|7|false|4|1|false|false||true|true|true|true|true|true|true||
Магерівська територіальна громада|Львівська область|http://decentralization.gov.ua/region/common/id/1356||||||||||||||||||||||||||||||||
Міженецька територіальна громада|Львівська область|http://decentralization.gov.ua/region/common/id/757|2195|67|183|6|5283600|842600|false|989700|false|875|16|||1|false|false|8|false|5|1|false|false||true|true|true|true|true|true|true||
Мостиська територіальна громада|Львівська область|http://decentralization.gov.ua/region/common/id/1093||||||||||||||||||||||||||||||||
Нижанковицька територіальна громада|Львівська область|http://decentralization.gov.ua/region/common/id/1286||||||||||||||||||||||||||||||||
Новокалинівська територіальна громада|Львівська область|http://decentralization.gov.ua/region/common/id/756|7263|447|658|8|22939400|9714600|70000|1078000||10908|||||false|false|7||4|3|false|false||true|true|true|true|true|true|true||
Новоміська територіальна громада|Львівська область|http://decentralization.gov.ua/region/common/id/755|5295|216|432|14|13932500|1006400|false|3684300|false|1836|44|||2|1|false|22|false|12|1|false|false||true|true|true|true|true|true|true||
Новострілищинська територіальна громада|Львівська область|http://decentralization.gov.ua/region/common/id/754||179||11|3200300     2074400  0  1125900  0|3200300     2074400  0  1125900  0|3200300     2074400  0  1125900  0|3200300     2074400  0  1125900  0|3200300     2074400  0  1125900  0|71936||||||0||0||||1|||false||false|false||true||
Розвадівська територіальна громада|Львівська область|http://decentralization.gov.ua/region/common/id/1357||||||||||||||||||||||||||||||||
Судововишнянська територіальна громада|Львівська область|http://decentralization.gov.ua/region/common/id/1094||||||||||||||||||||||||||||||||
Тростянецька територіальна громада|Львівська область|http://decentralization.gov.ua/region/common/id/1242|7908|621||17|11795600  8919500  2876100  0|11795600  8919500  2876100  0|11795600  8919500  2876100  0|11795600  8919500  2876100  0|11795600  8919500  2876100  0|1904|42|||||0||0||||0|||false||false|false||true||
Ходорівська територіальна громада|Львівська область|http://decentralization.gov.ua/region/common/id/1079||1987|2591||||false|8277400|false||||||4|1|70|1|21|З|1|1||false|false|false|false|true|false|||
Чукв’янська територіальна громада|Львівська область|http://decentralization.gov.ua/region/common/id/752|3560|278|374|7|9047100|923700||1588400||7682|20||||false|false|5||4|1|false|false||true|true|true|true|true|true|true||
Шегинівська територіальна громада|Львівська область|http://decentralization.gov.ua/region/common/id/1287||||||||||||||||||||||||||||||||
Баштанська територіальна громада|Миколаївська область|http://decentralization.gov.ua/region/common/id/1176||||||||||||||||||||||||||||||||
Благодатненська територіальна громада|Миколаївська область|http://decentralization.gov.ua/region/common/id/1288||||||||||||||||||||||||||||||||
Бузька територіальна громада|Миколаївська область|http://decentralization.gov.ua/region/common/id/1198||||||||||||||||||||||||||||||||
Веселинівська територіальна громада|Миколаївська область|http://decentralization.gov.ua/region/common/id/1182||||||||||||||||||||||||||||||||
Веснянська територіальна громада|Миколаївська область|http://decentralization.gov.ua/region/common/id/1193||||||||||||||||||||||||||||||||
Воскресенська територіальна громада|Миколаївська область|http://decentralization.gov.ua/region/common/id/1186||||||||||||||||||||||||||||||||
Галицинівська територіальна громада|Миколаївська область|http://decentralization.gov.ua/region/common/id/1187||||||||||||||||||||||||||||||||
Доманівська територіальна громада|Миколаївська область|http://decentralization.gov.ua/region/common/id/1184||||||||||||||||||||||||||||||||
Дорошівська територіальна громада|Миколаївська область|http://decentralization.gov.ua/region/common/id/1358||||||||||||||||||||||||||||||||
Кам’яномостівська територіальна громада|Миколаївська область|http://decentralization.gov.ua/region/common/id/1289||||||||||||||||||||||||||||||||
Коблівська територіальна громада|Миколаївська область|http://decentralization.gov.ua/region/common/id/1290||||||||||||||||||||||||||||||||
Куцурубська територіальна громада|Миколаївська область|http://decentralization.gov.ua/region/common/id/767||||||||||||||||||||||||||||||||
Михайлівська (Улянівська) територіальна громада|Миколаївська область|http://decentralization.gov.ua/region/common/id/1332||||||||||||||||||||||||||||||||
Мостівська територіальна громада|Миколаївська область|http://decentralization.gov.ua/region/common/id/1331||||||||||||||||||||||||||||||||
Нечаянська територіальна громада|Миколаївська область|http://decentralization.gov.ua/region/common/id/1291||||||||||||||||||||||||||||||||
Олександрівська територіальна громада|Миколаївська область|http://decentralization.gov.ua/region/common/id/1329||||||||||||||||||||||||||||||||
Ольшанська територіальна громада|Миколаївська область|http://decentralization.gov.ua/region/common/id/1194||||||||||||||||||||||||||||||||
Прибужанівська територіальна громада|Миколаївська область|http://decentralization.gov.ua/region/common/id/1330||||||||||||||||||||||||||||||||
Чорноморська територіальна громада|Миколаївська область|http://decentralization.gov.ua/region/common/id/1333||||||||||||||||||||||||||||||||
Шевченківська територіальна громада|Миколаївська область|http://decentralization.gov.ua/region/common/id/1189||||||||||||||||||||||||||||||||
Балтська територіальна громада|Одеська область|http://decentralization.gov.ua/region/common/id/2|33151|978|3061|28|38 899|34 194|810|4 624|00|8546|95|3|4|1|15|3|48|1|15|4|1|false||true|true|true|true|true|true|true||
Біляївська  територіальна громада|Одеська область|http://decentralization.gov.ua/region/common/id/5|13639|1351|1854|3|25 933,2|28 047,9|00|00|2 114,7|1930|20|4|false|false|3|1|7|1|2|false|1|1||true|true|true|true|true|true|true||
Великомихайлівська  територіальна громада|Одеська область|http://decentralization.gov.ua/region/common/id/6|12818|1477|2347|25|14 292,6|12 197,7|00|2 094,9|00|4949|26|5|1||3|1|7|1|4|2|1|1||true|true|true|true|true|true|true||
Затишанська територіальна громада|Одеська область|http://decentralization.gov.ua/region/common/id/15||||||||||||||||||||||||||||||||
Коноплянська  територіальна громада|Одеська область|http://decentralization.gov.ua/region/common/id/16|4972|710|640|15|5 207 200|4 264 700|0|942 500|0|3146|33|||0|3|0|17|0|5|1|0|0||false|false|false|false|false|false|true||
Красносільська  територіальна громада|Одеська область|http://decentralization.gov.ua/region/common/id/7|10890|914|968|7|20 358,3|18 091|2 015,2|2521|00|2466|19|1|3|1|2|false|5|false|4|2|false|1||true|true|true|true|true|true|true||
Маразліївська територіальна громада|Одеська область|http://decentralization.gov.ua/region/common/id/8|6008|430|530|8|7 317,7|5 776,9|00|1 540,8|00|2521|25|3|1|false|5|false|10|false|4|1|false|1|true|true|true|true|true|true|true|true||
Розквітівська  територіальна громада|Одеська область|http://decentralization.gov.ua/region/common/id/3|4338|348|500|14|39285|28586||10699||2368|26|3|false|false|4|false|12|false|5|1|false|1||true|true|true|true|true|true|true||
Тузлівська територіальна громада|Одеська область|http://decentralization.gov.ua/region/common/id/27|2601|186|249|7|3 690|2 787,9|265|8755|00|101|14|1|false|false|1|false|6|1|3|1|false|1||true|true|true|true|true|true|true||
Червоноармійська територіальна громада|Одеська область|http://decentralization.gov.ua/region/common/id/4|2326|181|305|6|3 324,8|3 038,5|00|2863|00|2078|20|2|1|false|3|false|9|false|4|1|false|false||true|true|true|true|true|true|true||
Ширяївська територіальна громада|Одеська область|http://decentralization.gov.ua/region/common/id/1292||||||||||||||||||||||||||||||||
Яськівська територіальна громада|Одеська область|http://decentralization.gov.ua/region/common/id/1359||||||||||||||||||||||||||||||||
Білоцерківська територіальна громада|Полтавська область|http://decentralization.gov.ua/region/common/id/619|4921|389|427|18|44701||0|0|9510|200|27|||false|3|false|12|false|6|1|false|false|4|false|1|1|1|false|1|1||
Великобагачанська територіальна громада|Полтавська область|http://decentralization.gov.ua/region/common/id/1360||||||||||||||||||||||||||||||||
Великосорочинська територіальна громада|Полтавська область|http://decentralization.gov.ua/region/common/id/1293||||||||||||||||||||||||||||||||
Глобинська територіальна громада|Полтавська область|http://decentralization.gov.ua/region/common/id/626|16265|1356|1577|23|405290||0|0|80883|353|53|||false|7|3|16|1|14|2|1|1|6|1|1|1|1|1|1|1||
Засульська територіальна громада|Полтавська область|http://decentralization.gov.ua/region/common/id/632||||||||||||||||||||||||||||||||
Клепачівська  територіальна громада|Полтавська область|http://decentralization.gov.ua/region/common/id/947|2931|150|310|12|89033||0|0|0|1268|20||||2|false|8|false|5|1|false|false|6|1|1|1|1|1|1|1||
Недогарківська територіальна громада|Полтавська область|http://decentralization.gov.ua/region/common/id/949|3819|245|379|5|47319||50|7869|0|872|10||||2|false|3|false|1|2|false|false|6|1|1|1|1|1|1|1||
Новоаврамівська територіальна громада|Полтавська область|http://decentralization.gov.ua/region/common/id/1243|2910|155|283|10|7107900||0|0|0|1372|32|||0|3|0|16|0|7|2|0|0||true|true|true|true|true|true|true||
Омельницька територіальна громада|Полтавська область|http://decentralization.gov.ua/region/common/id/650|5487|342|568|20|76963||0|0|0|109|18||||4||4||7|1|||6|1|1|1|1|1|1|1||
Пирятинська  територіальна громада|Полтавська область|http://decentralization.gov.ua/region/common/id/948|17299|683|1924|10|||200|||976|29||||7|2|9|2|2|false|1|false|6|1|1|1|1|1|1|1||
Піщанська територіальна громада|Полтавська область|http://decentralization.gov.ua/region/common/id/946|8457|||7|9339||0|0|0|7803|12||||3|false|3|false|1|2|false|false|6||1|||||1||
Покровсько-Багачанська територіальна громада|Полтавська область|http://decentralization.gov.ua/region/common/id/653|2600|300|300|7|30387||0|0|0|121|20||||3|false|8|false|4|2|false|false|6|1|1|1|1|1|1|1||
Пришибська територіальна громада|Полтавська область|http://decentralization.gov.ua/region/common/id/945|2046|120|145|5|88235||0|7437|0|92|10|||false|1|false|3|1|2|1|false|1|6|1|1|1|1|1|1|1||
Решетилівська територіальна громада|Полтавська область|http://decentralization.gov.ua/region/common/id/1294||||||||||||||||||||||||||||||||
Рокитянська територіальна громада|Полтавська область|http://decentralization.gov.ua/region/common/id/1361||||||||||||||||||||||||||||||||
Семенівська територіальна громада|Полтавська область|http://decentralization.gov.ua/region/common/id/659|7528|522|959|4|133337||0|8544|0|251|22||||2|3|9|false|2|1|1|1|6|1|1|1|1|1|1|1||
Сергіївська територіальна громада|Полтавська область|http://decentralization.gov.ua/region/common/id/1334||||||||||||||||||||||||||||||||
Скороходівська територіальна громада|Полтавська область|http://decentralization.gov.ua/region/common/id/614|5055|473|448|9|9211700||0|1174600|0|1356|17||||4|0|6|0|4|1|0|0||true|true|true|true|true|true|true||
Червонознам’янська територіальна громада|Полтавська область|http://decentralization.gov.ua/region/common/id/663|5162|334|431|5|52294||0|1794|0|82.69|14||||3|false|4|false|3|1|false|false|6|1|1|1|1|1|1|1||
Шишацька територіальна громада|Полтавська область|http://decentralization.gov.ua/region/common/id/666|15307|976|1915|63|336966||0|0|20922|608|64||||13|2|20|1|8|6|1|1|10|1|2|1|4|1|1|1||
Бабинська територіальна громада|Рівненська область|http://decentralization.gov.ua/region/common/id/40|3618|303|456|4|2656975|1981736  -  675239  -|1981736  -  675239  -|1981736  -  675239  -|1981736  -  675239  -|54725|15|2|1|false|1|false|7|false|3|1|false|false||1|1|1|1|1|1|true||
Бокіймівська територіальна громада|Рівненська область|http://decentralization.gov.ua/region/common/id/1362||||||||||||||||||||||||||||||||
Боремельська територіальна громада|Рівненська область|http://decentralization.gov.ua/region/common/id/1335||||||||||||||||||||||||||||||||
Бугринська територіальна громада|Рівненська область|http://decentralization.gov.ua/region/common/id/41|4216|341|456|12|2023279|1443279  -  580000  -|1443279  -  580000  -|1443279  -  580000  -|1443279  -  580000  -|139506|41|2|2|false|2|false|8|false|6|1|false|1||1|1|1|1|1|1|true||
Висоцька територіальна громада|Рівненська область|http://decentralization.gov.ua/region/common/id/1248||||||||||||||||||||||||||||||||
Деражненська територіальна громада|Рівненська область|http://decentralization.gov.ua/region/common/id/56||||||||||||||||||||||||||||||||
Клесівська територіальна громада|Рівненська область|http://decentralization.gov.ua/region/common/id/73|10191|1162|1537|7|12635900|12635900|false|false|false|33773|30|2|2|2|5|false|11|false|4|2|1|1||true|true|true|true|true|true|true||
Козинська територіальна громада|Рівненська область|http://decentralization.gov.ua/region/common/id/1259||||||||||||||||||||||||||||||||
Крупецька  територіальна  громада|Рівненська область|http://decentralization.gov.ua/region/common/id/1246|5968|439|834|16|6 342 826,8|5 719 192,80|0|623 634,00|0|1801|28|3|2||7|0|4|0|10|1|0|0||1|1|1|1|1|1|1||
Локницька територіальна громада|Рівненська область|http://decentralization.gov.ua/region/common/id/1258||||||||||||||||||||||||||||||||
Миляцька територіальна громада|Рівненська область|http://decentralization.gov.ua/region/common/id/796|7031|901|1162|9|4896391|2408067|false|2488324|false|4243|23|||false|3|false|6|false|6|2|false|false|false|false|1|1|1|false|1|4||
Мирогощанська територіальна громада|Рівненська область|http://decentralization.gov.ua/region/common/id/1257||||||||||||||||||||||||||||||||
Млинівська територіальна громада|Рівненська область|http://decentralization.gov.ua/region/common/id/59||||||||||||||||||||||||||||||||
Острожецька територіальна громада|Рівненська область|http://decentralization.gov.ua/region/common/id/60||||||||||||||||||||||||||||||||
Підлозцівська територіальна громада|Рівненська область|http://decentralization.gov.ua/region/common/id/61|1871|222|337|8|11308454|1090697,4     -     40148  -|1090697,4     -     40148  -|1090697,4     -     40148  -|1090697,4     -     40148  -|63364|10|2|false|false|2|false|4|false|1|1|false|false||1|1|1|1|1|1|1||
Пісківська територіальна громада|Рівненська область|http://decentralization.gov.ua/region/common/id/1249||||||||||||||||||||||||||||||||
Привільненська територіальна громада|Рівненська область|http://decentralization.gov.ua/region/common/id/1245|3047|269|422|7|6848095|5148695|0|1699400|0|8236|19|1|1||1|false|7|1|7|false|false|false||1|1|1|1|1|1|1||
Радивилівська територіальна громада|Рівненська область|http://decentralization.gov.ua/region/common/id/65|16387|1211|2086|18|14 458 799,64|12 421 639,64|50 000,00|1 987 160,00|0|14349|35|6|1||6|3|8|1|5|3|1|1||1|1|1|1|1|1|1||
Смизька територіальна громада|Рівненська область|http://decentralization.gov.ua/region/common/id/1247||||||||||||||||||||||||||||||||
Бездрицька територіальна громада|Сумська область|http://decentralization.gov.ua/region/common/id/1295|4038|231|305|4|11014800|6523200|false|1292200|false|8269|11|||false|2|false|4|1|false|2|false|false|true|true|true|true|true|true|true|true||
Березівська територіальна громада|Сумська область|http://decentralization.gov.ua/region/common/id/81|5691|311|518|21|14444400|12800000|false|1644400|false|4651|30|||false|false|false|15|false|6|3|false|false||true|true|true|true|true|true|true||
Боромлянська територіальна громада|Сумська область|http://decentralization.gov.ua/region/common/id/83|6462|373|511|12|11585643|10537813|79930|967900|false|30502|11|||false|1|1|3|1|1|1|false|1|7|1|1|1|1|2|1|2||
Бочечківська територіальна громада|Сумська область|http://decentralization.gov.ua/region/common/id/1363||||||||||||||||||||||||||||||||
Вільшанська територіальна громада|Сумська область|http://decentralization.gov.ua/region/common/id/90|5117|92|316|22|15152400|8894200|false|1228800|false|25851|32|||false|2|false|16|false|7|2|false|false|true|true|true|true|true|true|true|true||
Грунська територіальна громада|Сумська область|http://decentralization.gov.ua/region/common/id/92|5781|239|364|17|7460100|5541200|false|1918900|false|24699|29|||false|4|false|12|false|4|1|2|1||true|true|true|true|true|true|true||
Дружбівська територіальна громада|Сумська область|http://decentralization.gov.ua/region/common/id/94|5560|391|502|12|19483800|7706600|false|175700|false|12613|19||||3|false|9|false|2|false|1|1||true|true|true|true|true|true|true||
Зноб-Новгородська територіальна громада|Сумська область|http://decentralization.gov.ua/region/common/id/96|4760|140|422|27|17010700|5713700|false|1445100|false|4691|50|||2|1|false|27|false|11|1|1|1||false|false|false|false|true|false|true||
Кириківська територіальна громада|Сумська область|http://decentralization.gov.ua/region/common/id/1296|6918|341|583|14|23019300|8035600|false|2212400|false|2658|34|||false|6|false|15|false|4|4|false|false|true|true|true|true|true|true|true|true||
Краснопільська територіальна громада|Сумська область|http://decentralization.gov.ua/region/common/id/99||||||||||||||||||||||||||||||||
Кролевецька територіальна громада|Сумська область|http://decentralization.gov.ua/region/common/id/100||||||||||||||||||||||||||||||||
Миколаївська територіальна громада (селищна)|Сумська область|http://decentralization.gov.ua/region/common/id/1297|10399|472|1106|39|34860800|17161300|false|2591000|false|457349|52|||false|3|false|25|false|12|2|1|false|true|true|true|true|true|true|true|true||
Миколаївська територіальна громада (сільська)|Сумська область|http://decentralization.gov.ua/region/common/id/103|3839|137|284|20|12003700|7609500|false|false|false|23361|21|||false|1|1|10|false|4|2|false|false|true|true|true|true|true|true|true|true||
Миропільська територіальна громада|Сумська область|http://decentralization.gov.ua/region/common/id/1298|4428|289|477|10|15354700|7113653|false|1799653|false|2986|29|||false|1|false|15|false|7|2|false|false||true|true|true|true|true|true|true||
Недригайлівська територіальна громада|Сумська область|http://decentralization.gov.ua/region/common/id/104|8870|273|687|23|29748600|17340300|350800|566700|false|233|45|||false|6|1|17|false|10|3|2|1|true|true|true|true|true|true|true|true||
Нижньосироватська територіальна громада|Сумська область|http://decentralization.gov.ua/region/common/id/1299|6007|328|429|5|11660700|5475200|false|2337000|false|1658|11|||false|2|false|5|false||2|false|false|true|true|true|true|true|true|true|true||
Хотінська територіальна громада|Сумська область|http://decentralization.gov.ua/region/common/id/119|4950|269|413|10|14347600|7958200|false|1064200|false|17655|23|||1|3|false|11|false|4|2|false|false|true|true|true|true|true|true|true|true||
Шалигинська територіальна громада|Сумська область|http://decentralization.gov.ua/region/common/id/124|4266|98|328|9|7620700|6861900|false|758900|false|25752|23|||false|1|false|11|false|6|1|false|false||true|true|true|true|true|true|true||
Байковецька територіальна громада|Тернопільська область|http://decentralization.gov.ua/region/common/id/794|5614|380|623|7|200921|198468|18775||34955|862||1|4|0|1|1|6|4|5|1|0|0||true|true|true|true|true|true|true||
Білобожницька територіальна громада|Тернопільська область|http://decentralization.gov.ua/region/common/id/793|3885|190|493|6|16272|12235||8554||743||1|2|0|3|0|7|1|5|1|0|0||true|true|true|true|true|true|true||
Більче-Золотецька територіальна громада|Тернопільська область|http://decentralization.gov.ua/region/common/id/1301||||||||||||||||||||||||||||||||
Борсуківська територіальна громада|Тернопільська область|http://decentralization.gov.ua/region/common/id/1302||||||||||||||||||||||||||||||||
Борщівська територіальна громада|Тернопільська область|http://decentralization.gov.ua/region/common/id/1336||||||||||||||||||||||||||||||||
Васильковецька територіальна громада|Тернопільська область|http://decentralization.gov.ua/region/common/id/792|6322|364|762|6|94072|83698|296||10078|1260||2|4|1|5|2|5|4|4|3|false|false||true|true|true|true|true|true|true||
Великогаївська територіальна громада|Тернопільська область|http://decentralization.gov.ua/region/common/id/791|11187|748|1318|14|131217|104203||27014||1420||3|2|1|4|2|14|5|11|0|1|false||true|true|true|true|true|true|true||
Великодедеркальська територіальна громада|Тернопільська область|http://decentralization.gov.ua/region/common/id/1303||||||||||||||||||||||||||||||||
Вишнівецька територіальна громада|Тернопільська область|http://decentralization.gov.ua/region/common/id/1304||||||||||||||||||||||||||||||||
Гримайлівська територіальна громада|Тернопільська область|http://decentralization.gov.ua/region/common/id/1305||||||||||||||||||||||||||||||||
Гусятинська територіальна громада|Тернопільська область|http://decentralization.gov.ua/region/common/id/790|8391|77|149|4|140353|127216|5379|7757||350||1|2|0|3|1|3|1|3|1|1|0||true|true|true|true|true|true|true||
Заводська територіальна громада|Тернопільська область|http://decentralization.gov.ua/region/common/id/789|4463|257|622|2|45842|43907|8946|||288||1|1|0|2|0|2|2|1|1|0|0||true|true|true|true|true|true|true||
Залозецька територіальна громада|Тернопільська область|http://decentralization.gov.ua/region/common/id/1306||||||||||||||||||||||||||||||||
Золотниківська територіальна громада|Тернопільська область|http://decentralization.gov.ua/region/common/id/788|8204|403|855|21|68124|42523|56|25546||2840||3|7|1|6|1|15|4|16|2|1|false||true|true|true|true|true|true|true||
Золотопотіцька територіальна громада|Тернопільська область|http://decentralization.gov.ua/region/common/id/787|10914|812|1606|11|96048|23844|206|71998||1240||4|3|4|11|1|8|4|9|2|1|0||true|true|true|true|true|true|true||
Іванівська територіальна громада|Тернопільська область|http://decentralization.gov.ua/region/common/id/771|4482|241|452|5|35420|24332||11088||1100||2|3|false|5|1|4|3|3|2|false|false||true|true|true|true|true|true|true||
Козлівська територіальна громада|Тернопільська область|http://decentralization.gov.ua/region/common/id/786|4648|310|736|5|66646|46446|677|19523||960||0|3|0|1|1|3|3|4|1|1|0||true|true|true|true|true|true|true||
Колиндянська територіальна громада|Тернопільська область|http://decentralization.gov.ua/region/common/id/785|4696|242|463|6|14979|12774||28113||1080||2|2|1|5|1|5|4|4|2|0|0||true|true|true|true|true|true|true||
Колодненська територіальна громада|Тернопільська область|http://decentralization.gov.ua/region/common/id/784|2830|134|460|5|15460|13655||||790||1|2|1|1|0|3|1|3|2|0|0||true|true|true|true|true|true|true||
Коропецька територіальна громада|Тернопільська область|http://decentralization.gov.ua/region/common/id/783|4900|63|182|6|12099|11832|267|||680||1|1|3|1|1|4|2|5|1|1|0||true|true|true|true|true|true|true||
Коцюбинська територіальна громада|Тернопільська область|http://decentralization.gov.ua/region/common/id/1307||||||||||||||||||||||||||||||||
Лопушненська територіальна громада|Тернопільська область|http://decentralization.gov.ua/region/common/id/782|2317|187|344|6|6391|6181|210|||550||1|3|0|0|0|4|2|3|1|0|0||true|true|true|true|true|true|true||
Мельнице-Подільська територіальна громада|Тернопільська область|http://decentralization.gov.ua/region/common/id/781|16206|882|2113|20|14 365,8|4 057,2|1342|101745||2230||5|5|4|7|1|20|5|16|4|1|0||true|true|true|true|true|true|true||
Микулинецька територіальна громада|Тернопільська область|http://decentralization.gov.ua/region/common/id/780|7993|624|1121|7|74259|52396|1544|20319||940||1|2|2|3|3|7|4|4|1|1|false||true|true|true|true|true|true|true||
Новосільська територіальна громада|Тернопільська область|http://decentralization.gov.ua/region/common/id/799|3496|196|483|8|25830|13142||12688||920||1|1|1|2|1|9|4|2|1|0|false||true|true|true|true|true|true|true||
Озернянська територіальна громада|Тернопільська область|http://decentralization.gov.ua/region/common/id/778|6366|356|687|8|48911|17350||31561||1270||1|3|3|2|1|7|3|6|2|0|false||true|true|true|true|true|true|true||
Озерянська територіальна громада|Тернопільська область|http://decentralization.gov.ua/region/common/id/777|2644|131|302|5|12409|11914|495|||570||1|1|2|1|0|4|2|4|1|0|0||true|true|true|true|true|true|true||
Підволочиська територіальна громада|Тернопільська область|http://decentralization.gov.ua/region/common/id/775|19855|967|2199|23|204695|162513||42182||3500||6|9|2|12|3|35|12|17|4|1|false||true|true|true|true|true|true|true||
Почаївська територіальна громада|Тернопільська область|http://decentralization.gov.ua/region/common/id/776|9455|80|178|4|56645|55207|1438|||540||1|1|1|1|1|2|2|2|1|1|0||true|true|true|true|true|true|true||
Скала-Подільська територіальна громада|Тернопільська область|http://decentralization.gov.ua/region/common/id/774|9660|558|924|12|85462|43858|5101|41094||1499||3|4|1|6|1|13|6|8|4|0|0||true|true|true|true|true|true|true||
Скалатська територіальна громада|Тернопільська область|http://decentralization.gov.ua/region/common/id/773|14478|767|1378|16|135276|91225||44051||2240||5|4|3|10|2|29|9|12|5|1|false||true|true|true|true|true|true|true||
Скориківська територіальна громада|Тернопільська область|http://decentralization.gov.ua/region/common/id/772|4066|217|453|14|31734|30670|90|7619||1440||2|3|2|4|1|12|5|10|1|0|0||true|true|true|true|true|true|true||
Теребовлянська територіальна громада|Тернопільська область|http://decentralization.gov.ua/region/common/id/770|30698|1049|2281|26|286789|211626|4386|70778||3990||6|11|4|10|3|13|9|16|5|1|false||true|true|true|true|true|true|true||
Трибухівська територіальна громада|Тернопільська область|http://decentralization.gov.ua/region/common/id/1308||||||||||||||||||||||||||||||||
Черниховецька територіальна громада|Тернопільська область|http://decentralization.gov.ua/region/common/id/1309||||||||||||||||||||||||||||||||
Шумська територіальна громада|Тернопільська область|http://decentralization.gov.ua/region/common/id/769|21297|1457|2966|36|195026|115318|1941|77767||4995||7|13|5|3|2|41|9|32|3|1|0||true|true|true|true|true|true|true||
Мереф’янська територіальна громада|Харківська область|http://decentralization.gov.ua/region/common/id/841|25753|1394|2696|7|58242557|29938800 0|29938800 0|433500|433500|9955|34||||5|0|12|1|4|3|1|false||1|1|1|1|1||2||
Нововодолазька територіальна громада|Харківська область|http://decentralization.gov.ua/region/common/id/834||||||||||||||||||||||||||||||||
Роганська територіальна громада|Харківська область|http://decentralization.gov.ua/region/common/id/843||||||||||||||||||||||||||||||||
Старосалтівська територіальна громада|Харківська область|http://decentralization.gov.ua/region/common/id/818|8924|543|752|20|14 125 200|10 175 800|905 600|3 043 800||4726|36||||3||16|false|5|5|false|false||Приміщення опорного пункту СтаросалтівськогоПОМ   '|Приміщення селищної ради|Приміщення денного стаціонару лікарні|Приміщення денного стаціонару лікарні|Приміщення МЧС|Приміщення колишньої аптеки|Приміщення селищної ради||
Чкаловська територіальна громада|Харківська область|http://decentralization.gov.ua/region/common/id/1250||595|1349|||157273|||1841||||||||13||2|4||||true|true|true|true|true|true|||
Асканіє-Нова територіальна громада|Херсонська область|http://decentralization.gov.ua/region/common/id/940||||||||||||||||||||||||||||||||
Великокопанівська територіальна громада|Херсонська область|http://decentralization.gov.ua/region/common/id/937||||||||||||||||||||||||||||||||
Виноградівська територіальна громада|Херсонська область|http://decentralization.gov.ua/region/common/id/938||||||||||||||||||||||||||||||||
Гладківська територіальна громада|Херсонська область|http://decentralization.gov.ua/region/common/id/1310||||||||||||||||||||||||||||||||
Горностаївська територіальна громада|Херсонська область|http://decentralization.gov.ua/region/common/id/919||||||||||||||||||||||||||||||||
Зеленопідська територіальна громада|Херсонська область|http://decentralization.gov.ua/region/common/id/1312||||||||||||||||||||||||||||||||
Каланчацька територіальна громада|Херсонська область|http://decentralization.gov.ua/region/common/id/921||||||||||||||||||||||||||||||||
Кочубеївська територіальна громада|Херсонська область|http://decentralization.gov.ua/region/common/id/768||192||14|3 961 300,00|3 184 900||776 400|false|206234|28||||5|false|12|false|5|2|false|false|9 (49 кабінетів)|4 (6 кабінети)|1 (2 кабінети)|1 (2 кабінети)|1 (2 кабінети)|1 (2 кабінети)|1 (2 кабінети)|4 (33 кабінети)||
Мирненська територіальна громада|Херсонська область|http://decentralization.gov.ua/region/common/id/1313||||||||||||||||||||||||||||||||
Музиківська територіальна громада|Херсонська область|http://decentralization.gov.ua/region/common/id/1337||||||||||||||||||||||||||||||||
Присиваська територіальна громада|Херсонська область|http://decentralization.gov.ua/region/common/id/942||||||||||||||||||||||||||||||||
Тавричанська територіальна громада|Херсонська область|http://decentralization.gov.ua/region/common/id/1314||||||||||||||||||||||||||||||||
Хрестівська територіальна громада|Херсонська область|http://decentralization.gov.ua/region/common/id/1338||||||||||||||||||||||||||||||||
Чаплинська територіальна громада|Херсонська область|http://decentralization.gov.ua/region/common/id/941||||||||||||||||||||||||||||||||
Берездівська територіальна громада|Хмельницька область|http://decentralization.gov.ua/region/common/id/562|8726|227|790||7711790|5422690||2289100|false|102347|76|||||10||34|||||||true|true|true|true|true|true||
Війтовецька територіальна громада|Хмельницька область|http://decentralization.gov.ua/region/common/id/566|7699     796|239|557|17|156819|5690,92     932,2  2426  –|5690,92     932,2  2426  –|5690,92     932,2  2426  –|5690,92     932,2  2426  –|265||4|3||6||24|1|11|1|-  1|-  1||true|true|true|true|true|true|true||
Волочиська територіальна громада|Хмельницька область|http://decentralization.gov.ua/region/common/id/565|34394|1335|3307|40|42549009|38312600     4236409  –  –|38312600     4236409  –  –|38312600     4236409  –  –|38312600     4236409  –  –|490||11|10|0|21|3|52|2|19|7|1|1||true|true|true|true|true|true|true||
Ганнопільська територіальна громада|Хмельницька область|http://decentralization.gov.ua/region/common/id/568|6747|201|667||5398600|2983100||2411500|false||58||||7||24||||||||true|true|true|true|true|true||
Гвардійська територіальна громада|Хмельницька область|http://decentralization.gov.ua/region/common/id/569|6668|467|621|11|577800000|388820000|4000000|184980000|----|1710|41|||false|6|false|17|false|10|1|false|1||true|true|true|true|true|true|true||
Гуківська територіальна громада|Хмельницька область|http://decentralization.gov.ua/region/common/id/1315||||||||||||||||||||||||||||||||
Гуменецька територіальна громада|Хмельницька область|http://decentralization.gov.ua/region/common/id/572|12634|1120|1802|21|21072400|21072400|||1066600|24956|73|||1|13||32||14|2||||true|true|true|true|true|true|true||
Дунаєвецька територіальна громада (міська)|Хмельницька область|http://decentralization.gov.ua/region/common/id/575|39620|2840|3751|51|55874900|32957100|14639600|8278200||66118|150|16|8|1|29|1|55|1|32|4|1|2||true|true|true|true|true|true|true||
Дунаєвецька територіальна громада (селищна)|Хмельницька область|http://decentralization.gov.ua/region/common/id/576|11524|569|1003|18|17908800|10544200|3939300|3425300||26078|55|5|4||10||20|1|11|3||1||true|true|true|true|true|true|true||
Китайгородська територіальна громада|Хмельницька область|http://decentralization.gov.ua/region/common/id/803|4515|242|339|13|3522500|1757400||1765100||186734|||||5||19||8|1|||6|1|1|1|1|1|1|14||
Колибаївська територіальна громада|Хмельницька область|http://decentralization.gov.ua/region/common/id/802|5611|385|543|7|14434729|8838777|2023152|3572800|false|7002|19|1|3|false|4|false|5|false|6|false|false|false|12|2|2|2|2|2|2|3||
Ленковецька територіальна громада|Хмельницька область|http://decentralization.gov.ua/region/common/id/1316||||||||||||||||||||||||||||||||
Летичівська територіальна громада|Хмельницька область|http://decentralization.gov.ua/region/common/id/584|19838|1514|1988|45|23019300|16297400|2683300|4038600|false||113||||14|2|52|2|27|3|1|1||1||1|3|3|1|2||
Лісовогринівецька територіальна громада|Хмельницька область|http://decentralization.gov.ua/region/common/id/585|8503|441|639|14|8375800|6025500|100000|2250300|false|257986|38|||false|4||21||10|3||||true|true|true|true|true|true|true||
Маківська територіальна громада|Хмельницька область|http://decentralization.gov.ua/region/common/id/586|7690|388|600|8|17185800|5278300|2172500|2835900||10363|24|2|3||3||9||5|1||1||true|true|true|true|true|true|true||
Меджибізька територіальна громада|Хмельницька область|http://decentralization.gov.ua/region/common/id/587||445|732||||12420|25491|false||||||8|1|23|false|9|2|false|false||1||1|1|1|1|||
Наркевицька територіальна громада|Хмельницька область|http://decentralization.gov.ua/region/common/id/589|6603|337|529|16|7958000|6992900||965100||21494|33|3|2|false|4|false|12|1|9|1|false|1||true|true|true|true|true|true|true||
Новоушицька територіальна громада|Хмельницька область|http://decentralization.gov.ua/region/common/id/591|27028|1344|2468|53|234984|154684||8030||747|181|||0|32|2|77|1|41|4|1|1|11|5|1|1|2|1|1|2||
Полонська територіальна громада|Хмельницька область|http://decentralization.gov.ua/region/common/id/594|33452|2884|3674|30|27075900|17740900|203400|9131600|0|533|100|||2|15|2|41|||||||true|true|true|true|true|true|true||
Понінківська територіальна громада|Хмельницька область|http://decentralization.gov.ua/region/common/id/595|8590|615|1077|7|15171300|4178400|0|2328700||179963|15||||3|false|3|1|1|1|1|1||true|true|true|true|true|true|true||
Розсошанська територіальна громада|Хмельницька область|http://decentralization.gov.ua/region/common/id/801|4481|282|552|7|13114900|6560200||0||1002||2|1||2|false|8|false|4|2|false|false||true||true|true|true|true|true||
Сатанівська територіальна громада|Хмельницька область|http://decentralization.gov.ua/region/common/id/596|8002|403|664|11|95552|74885||20667|false|202972||||false|3|1 1|6|1 1|5|3|false|1||true|true|true|true|true|true|true||
Старосинявська територіальна громада|Хмельницька область|http://decentralization.gov.ua/region/common/id/602||||||||||||||||||||||||||||||||
Судилківська територіальна громада|Хмельницька область|http://decentralization.gov.ua/region/common/id/604||||||||||||||||||||||||||||||||
Чемеровецька територіальна громада|Хмельницька область|http://decentralization.gov.ua/region/common/id/607||||||||||||||||||||||||||||||||
Чорноострівська територіальна громада|Хмельницька область|http://decentralization.gov.ua/region/common/id/608|11954|777|1132|21|11724900|8596400|141200|2987300||26293|55|||1|9||19|1|14|2||||true|true|true|true|true|true|true||
Білозірська територіальна громада|Черкаська область|http://decentralization.gov.ua/region/common/id/475||658|664|||65627|617|23447|false|||||false|2|false|6|false|1|1|false|false||1|1|1|1|1|1|||
Єрківська територіальна громада|Черкаська область|http://decentralization.gov.ua/region/common/id/556||162|438|||7803630|1131161|143755|379169|||||1|2|0|2|0|1|1|0|0||||||||||
Мокрокалигірська територіальна громада|Черкаська область|http://decentralization.gov.ua/region/common/id/518||123|371|||||||||||false|4|false|9||2|2|false|false||true|true|true|true|true|true|||
Набутівська територіальна громада|Черкаська область|http://decentralization.gov.ua/region/common/id/524||||||||||||||||||||||||||||||||
Ротмістрівська територіальна громада|Черкаська область|http://decentralization.gov.ua/region/common/id/530||||||||||||||||||||||||||||||||
Селищенська територіальна громада|Черкаська область|http://decentralization.gov.ua/region/common/id/532||||||||||||||||||||||||||||||||
Стеблівська територіальна громада|Черкаська область|http://decentralization.gov.ua/region/common/id/535||||||||||||||||||||||||||||||||
Степанецька територіальна громада|Черкаська область|http://decentralization.gov.ua/region/common/id/536||||||||||||||||||||||||||||||||
Тальнівська територіальна громада|Черкаська область|http://decentralization.gov.ua/region/common/id/540||||||||||||||||||||||||||||||||
Шполянська територіальна громада|Черкаська область|http://decentralization.gov.ua/region/common/id/554||||||||||||||||||||||||||||||||
Вашківецька територіальна громада|Чернівецька область|http://decentralization.gov.ua/region/common/id/1317||||||||||||||||||||||||||||||||
Вашковецька територіальна громада|Чернівецька область|http://decentralization.gov.ua/region/common/id/358|5443|440|704|5|37670||false|20300|false|58.67|12||||2|false|3|false|2|2|false|false|3|true|true|true|true|true|true|true||
Великокучурівська територіальна громада|Чернівецька область|http://decentralization.gov.ua/region/common/id/359|14191|836|2221|5|104430||false|68410|false|996|9||||2|0|5|2|3|2|1|0|6|true|true|true|true|true|true|true||
Вижницька територіальна громада|Чернівецька область|http://decentralization.gov.ua/region/common/id/360||||||||||||||||||||||||||||||||
Волоківська територіальна громада|Чернівецька область|http://decentralization.gov.ua/region/common/id/361|6319|464|791|3|71830||false|28122|0|560|10||||3|false|5|5|false|2|false|false|6|true|true|true|true|true|true|true||
Глибоцька територіальна громада|Чернівецька область|http://decentralization.gov.ua/region/common/id/363|10857|389|1354|3||||||68406|14||||3|false|4|false|2|1||false|6|true|true|true|true|true|true|true||
Клішковецька територіальна громада|Чернівецька область|http://decentralization.gov.ua/region/common/id/367||490|752|||2452811|false|3276211|false|||||2|false|1|6|false|1|2|false|1||1|1|1|1|1|1|||
Конятинська територіальна громада|Чернівецька область|http://decentralization.gov.ua/region/common/id/1365||||||||||||||||||||||||||||||||
Красноїльська територіальна громада|Чернівецька область|http://decentralization.gov.ua/region/common/id/1339||||||||||||||||||||||||||||||||
Мамалигівська територіальна громада|Чернівецька область|http://decentralization.gov.ua/region/common/id/372|12744|680|1398|11|128966||false|59895|false|175|45||||6|1|23|false|2|6||false|6|true|true|true|true|true|true|true||
Недобоївська територіальна громада|Чернівецька область|http://decentralization.gov.ua/region/common/id/374||435|647|||2334820|false|3454194|false|||||false|2|false|7|false|false|2|false|false||1|1|1|1|1|1|||
Рукшинська територіальна громада|Чернівецька область|http://decentralization.gov.ua/region/common/id/381|6886|240|771|6|53554||38|33147|false|10857|29||||4|false|12|false|5|2|false|false|6|true|true|true|true|true|true|true||
Селятинська територіальна громада|Чернівецька область|http://decentralization.gov.ua/region/common/id/1364||||||||||||||||||||||||||||||||
Сокирянська територіальна громада|Чернівецька область|http://decentralization.gov.ua/region/common/id/382|11469|863|1408|2|||1219|||38|||||3|3|7|1|false|1|1|2|true|true|true|true|true|true|true|true||
Сторожинецька територіальна громада|Чернівецька область|http://decentralization.gov.ua/region/common/id/385||||||||||||||||||||||||||||||||
Тереблеченська територіальна громада|Чернівецька область|http://decentralization.gov.ua/region/common/id/1318||||||||||||||||||||||||||||||||
Усть-Путильська територіальна громада|Чернівецька область|http://decentralization.gov.ua/region/common/id/795|2270|226|362|6|20748|||11022||9206|13||||2|false|4|false|5|false|false|false|6|true|true|true|true|true|true|true||
Чудейська територіальна громада|Чернівецька область|http://decentralization.gov.ua/region/common/id/388||||||||||||||||||||||||||||||||
